UserId,Skills,EnglishLevel,YearsOfExperience
685478,".net, sql server, javascript, typescript, angular, vue.js, ionic framework",0,12
726160,"java, bamboo, relational database, soap, ejb, linux, aws, fitnesse, junit, unit testing, hibernate, rest api, javascript, angular, typescript, sql and oracle pl/sql developer, maven, spring boot, scrum",3,4
656464,"docker, oracle db, postgresql, java, git, spring, rest api, ant, maven, ci/cd automation, ability to meet deadlines., accounting, adaptability, b2b, spring data, spring jpa, spring jdbc, rabbit mq, spring cloud, lead developer, java patterns, lombok, jersey, crucible, bitbucket, team player, teamwork, odata, ownership, sonarqube, checkstyle, pmd, fortify, java sdk 1.5 1.6 1.7 and 1.8, javascript, microservices, github, spring boot, design patterns, unit testing, integration test, jboss, tomcat, aws, junit, hibernate, json",3,10
673774,"angular, architectural patterns, cloud computing, design patterns, spring boot, spring, scrum, agile development methodology, mulesoft, sql, ejb3 +, jsf, jsp, struts, hibernate, jpa, integration architecture, software architecture, uml, tdd, containerization, mobile application development, test automation, sonar, json, mongodb, junit, git, redis, kubernetes, jee 4/5/6/7, jenkins, aws, postgresql, maven, mysql, kanban, node.js, architecture, rest api, jquery, quartz, ec2, javascript, leadership, algorithms, api, front end, databases, python, agile, java, react.js, soa, web services, docker, continuous integration, microservices",3,13
680888,"postgresql, architecture, junit, java, sql server, git, react.js, test automation, spring, node.js, jsf, jsp, php",3,12
674459,"ux, ui",3,9
678347,"technical recruitment, biometrics, tech recruiting, workflow, budgetary management, contracts analysis, statistics, cisco certified networking associate, offshore, microsoft outlook, teaching, qa director certified",0,7
677507,"sql server, spring, jsf, jsp, javascript, php, xml, iis, itil, soap, architecture, postgresql, aws, azure, rest api, java, maven",4,9
680879,"mongoose, test automation, sql, redis, graphql, api, sass, ui, saas, postgresql, ux, redux-saga, styled-components, php, agile, es7, english, html, css, heroku, rest api, restify, swagger, now.sh, mysql, bluemix, docker, es6, babeljs, webpack, eslint, mochajs, redux, firebase, mongodb, server less, node.js, aws, react.js, react native, javascript, express.js",3,11
679232,"augmented reality, c, c++, unix, virtual reality, hololens developer, oracle db, pl/sql, opengl, computer graphics, opencv, python, java, c#, xcode, ios",4,15
639275,"gulp, react native, visual studio online (ci), version controll, jquery, continuos deployment, continuous integration, automated testing, linux, docker, agile, front end, javascript, vue.js, php, laravel, mysql, react.js, css, sass, angular, html",3,8
676455,"sketch, aws, git, npm, es6, front end, api, node.js, webpack, redux, rest api, meteor, coffeescript, javascript, docker, react.js, amazon web services, html, css, progressive web apps, mongodb, ecmascript",3,6
680450,"tcpdump, http, itil, git flow, docker, linux, ansible, terraform, jenkins, cloud computing, security operations, sonarqube, gitlab, github, postgresql, mysql, dns, nginx, apache, jboss, jvm, gradle, elk stack, sensu, aws, pci-dss, System Administration, python, shell script, ftp",0,13
637516,"spring mvc, kafka, java, angular, oracle db, mysql",3,8
684561,"postgresql, redux, redux-saga, javascript, php, react.js, html, css, sql, linux",3,4
640213,"json, material ui, materialize, mongodb, mysql, node.js, php, react.js, rest api, es6, responsive web design, javascript, desktop applications, full stack, bootstrap, css, express.js, firebase, flexbox, git, github, heroku, html, java, redux, webpack, web development, nosql databases, nosql, sql, front end, backend development, postgresql, software development, enterprise integration patterns (eip)",3,9
654749,"es6, node.js, express.js, mongodb, api, vue.js, sql, javascript, linux, microsoft office, html, bootstrap, json, web development, ux, css, grunt, seo, less, ajax, lamp, svn, docker, mac os, bash script, rest api, microservices, aws, phalcon, postman, auth0, php, jquery, git, backend development, testing, databases, web applications, redis, english, spanish, spanish - mother tongue, mysql, digital ocean",4,15
715924,"node.js, java, angular, electron.js, maven, cucumber, gherkin, bdd - behavior-driven development, php, backend development, spring, confluence, nosql, rest api, es2015, es6, ecmascript, symfony-php, cakephp, angular 1.x, angular 5, sql, mysql, mongodb, nedb, feathersjs, git, bitbucket, jira, bootstrap, chart.js, javascript, mentoring, web development, nedb, featherjs, node, angularjs, npm, react js, html, css, agile methodologies, kanban, aws, postgresql, saas, agile, mvc, mochajs, design patterns, object oriented design, mysql, sqlite, sequelize, sass, scss, less, less / sass, mobile development, webpack, android, react.js",3,10
666408,"java, salesforce.com, heroku, mongodb, oracle db, nosql databases, spring cloud, j2ee, angular, Big Data, machine learning, iot, spring boot, apache kafka, apache activemq, aws, cassandra, microservices, react.js, postgresql, mysql, node.js",3,4
645561,"jquery, git, angular, ruby on rails, javascript, elasticsearch, sql, sass, html",3,10
682321,"raspberry pi, ec2, jenkins, terraform, linux, windows and linux servers, github, docker, devops, cloud computing, amazon ec2, amazon web services, bash script, aws, infrastructure, vmware administration",4,4
665279,"node.js, fast learning, communication, full stack, agile, react.js, backend development, web development, api, dagger, redux, css, continuous delivery, continuous integration, front end, software development, mysql, leadership, c, aws, clean code, clean architecture, mongodb, realm, html, mobile applications, mobile application development, mobile development, git, rest api, progressive web apps, ux, ui, kotlin, android, android framework, android api, java, javascript, startups, angular, reactivex (rxjava, rxphp, rxswift), json, agile development methodology, c#, firebase, nosql, scrum master certified, software architecture, software engineering, sql, react native",3,3
680545,"php, javascript, laravel, database administration, mobile application development, api, aws, software development, sass, agile methodologies, front end, unit testing, oop, elasticsearch, databases, database design, database tuning, html, rest api, backend development, css, agile development methodology, mysql, vue.js, angular, ionic2, postgresql, jquery, wordpress, ability to meet deadlines., scrum, git, object orientation",4,11
682510,"c++, java, sybase, sql development, c",3,5
677100,"object oriented analysis and design, c#, ASP.Net MVC, javascript, entity framework, sql, sql server, css, scss, html, vue.js, angular, git, jira, ado.net, visual studio, jquery ui, linq, powershell, d3.js, agile, backbone.js, knockoutjs, .net, mvc, english, design patterns, rest api, backend development, relational database, azure, api, nosql databases, jquery, mvvm, front end, software developer, software development",4,5
696630,"español, json, sap, sap abap developer certified, angular, mongodb, mongoose, express.js, node.js, es2015, eslint, aws, team leadership, team management, team player, team work spirit, teamwork, teamwork oriented, teamwork, dedication and honesty., docker, english, problem management, problem solving, communication, open source, devops, infrastructure, speak spanish, javascript, abap, fiori, sap ui5, saas, full stack, fast learning, agile, backend development, front end, strong communication skills, css, ecmascript, git, github, agile methodologies, mobile development, people management, software architecture, cms, marketing, mobile application development, mobile applications, support, product management, gulp, azure, api, continuous integration, nosql, rest api, xml, html, google cloud, es6, es7",4,15
634908,"agile, agile development methodology, agile methodologies, es2015, continuous integration, ci/cd automation, docker, mongodb, node.js, git, github, gradle, heroku, html, css, java, javascript, mochajs, chai, es6, postgresql, python, react.js, angular, redux, sinon, spring boot, tdd, test-driven development (tdd), unix, jenkins, circle ci, webpack, junit, mockito, rest api, aws, microservices, oop, nosql",3,8
699955,"software architecture, it solutions architect, docker, microservices, kubernetes, containerization, infrastructure, systems integration, devops, agile methodologies, machine learning, cloud computing, manufacturing knowledge, web applications, databases, api, architecture, security and risk management",3,8
673900,"rest api, technical documentations, api, python, selenium, jenkins, kanban, test planning and test script, bdd - behavior-driven development, sql query, agile methodologies, json, communication, ctfl foundation, community manager, volunteer work, uft, events management, test automation, testlink, cucumber, java, quality assurance, quality center, scrum, testing",3,8
646568,"data modeling and systems analysis, gis, agile, mysql, storage, object orientation, object oriented analysis and design, scrum master, team leadership, lead developer, git, git flow, github, google cloud, lambda expressions, server less, team management, scientific computing, postgresql, node.js, software engineering, devops, react.js, archlinux, algorithms, flux, oauth2, etl, open source, containerization, aws, google app engine, debian, ember.js, express.js, graphql, rest api, redux, yii, docker, yarn, npm, geoserver, microservices, owasp, data analysis, firebase, geoprocessing, php, web development, html, jquery, pl/sql, ruby on rails, javascript, python, linux",3,8
678569,"swift, firebase, java, typescript, ios, kotlin, android, git, graphql, ci/cd automation",4,4
637770,"ruby on rails, go lang, scrum, python, spring, scala, spring mvc, spring boot, hadoop, spring security, spring data, spark, spark-sql, spring integration, scea, scmad, scbcd, scwcd, scjp, sqoop, java, agile methodologies, ant, customer service, design patterns, eclipse, ejb, esb, flexbox, hibernate, j2ee, j2me, j2se, jboss application server, jms, jpa, jsf, jsp, junit, leadership, maven, microsoft office, pl/sql, postgresql, process improvement, programming, rup, servlets, soa, sql, struts, subversion, sun certified java programmer, tomcat, uml, web services",3,7
696439,"goal oriented, java, javascript, databases, jquery, hibernate, typescript, sqlite, ec2, full stack, git, jenkins, xen, tomcat, jboss, jetty, ruby on rails, django, c, dojo, project management, team leadership, scala, groovy, postgresql, mysql, sql server, ionic framework, people management, relational database, rest api, php, api, agile, devops, scrum, saas, robotics, sass, sdlc practices, security and risk management, selenium, shell script, single-­page applications, soap, software architecture, software development, tcp/ip, tech recruiting, telecommunication, telecom networks, test automation, ui, ux, unit testing, web api, windows, wireless, ecmascript, es6, experience working for a startup company, fast learning, linux sysadmin, open source, research, startups, strong communication skills, technical documentations, technical recruitment, testing, continuos deployment, hbase, information security, infrastructure, json, lambda expressions, lamp, leadership, maven, mobile development, mvc, .net, network security, node.js, oop, product launch: planning and execution, qa, quality assurance, sql, html, css, python, continuous integration, continuous delivery, ajax, apache, application security, automation, backend development, bash script, cloud computing, communication, consulting, data analysis, data warehouse, distributed systems development, docker, google cloud, azure, aws, etl, fast paced work experience, flexbox, front end, nosql, nosql databases, jvm, bootstrap, ci/cd automation, cms, design patterns, bi, microservices, angular, linux, mercurial, database design",3,22
671678,"logo design, adobe illustrator, photoshop, adobe creative suite softwares, branding & identity, photography, ux, wireframe, personas, sketch, google tag manager, google analytics, html, css, javascript, angular, video editing, after effects, business development",4,8
655509,"english, web api, gulp, full stack, c#, mvc 4 & 5, html, .net, react.js, rest api, soap, grunt, webpack, angular, javascript, ASP.Net Core, oracle db, sql server, entity framework, leadership, scrum, kanban, typescript, visual studio, delphi, handlebars, ASP.Net MVC, design patterns",4,10
697973,"administrator network, application management, ott, problem solving, engagement, troubleshooting, http, dns",4,13
680020,"devops, bash script, terraform, ansible, python, database administration, linux, ci/cd automation, kubernetes, docker, amazon ec2, amazon web services, aws, elasticsearch",4,4
681068,"ibm bluemix, bind9, kvm, celery, kafka, dc/os, db2, selenium, sonarqube, nexus, websphere application server, jboss, wildfly, go lang, ldap, sso, infrastructure, dns, perl, kubernetes, terraform, ansible, linux, unix, ci/cd automation, deploy, production support, haproxy, nginx, mongodb, python, bash script, flask, vagrant, nagios, protheus, appdynamics, cloud computing, vmware esxi, aix, shell script, openstack, aws, jenkins, rackspace, docker",3,5
646309,"operating systems, shell script, mysql, automation, mongodb, rds, terraform, microservices, configuration management, continuous delivery, continuos deployment, cloud computing, python, linux, postgresql, apache, docker, ansible, jenkins, devops, dns, bash script, vmware, nagios, tomcat server, nginx, mysql, chef, postfix, haproxy, linux servers administration, scripting, puppet, jboss admin, php, java, git, aws, elasticsearch, elastic beanstalk",3,10
673900,"agile methodologies, sql query, bdd - behavior-driven development, test planning and test script, kanban, jenkins, selenium, community manager, ctfl foundation, communication, json, events management, uft, volunteer work, testlink, test automation, testing, scrum, quality center, quality assurance, java, cucumber, python, api, rest api, technical documentations",3,8
652031,"android, javascript, html, node.js, react.js, photoshop, php, java, laravel, postgresql, react native, redis, mongodb, vue.js, angular, kotlin",3,19
684457,"mongodb, typescript, meteor, websockets, react.js, postgresql, graphql, redux, rest api, stripe, aws, node.js, electron.js, gis, saas, ux, ui, typography, bootstrap, software architecture, software development, javascript",3,6
638625,"vue.js, javascript, laravel, html, node.js, mongodb, sql server, ionic framework, android, oracle db, react.js, databases, business intelligence, cognos, machine learning, bluemix, php, angular, cordova, redux, react native, typescript, postgresql, docker",3,17
642824,"cloud computing, spring boot, nosql databases, aws, go lang, sql server, javascript, postgresql, node.js, software development, software engineering, jee, databank modeling, mysql, database design, software architecture, c#, c++, php, java, .net",3,10
653822,"wordpress, arduino, ffmpeg, 3d printer, esp8266, iot, jquery ui, project management, rest api, mongodb, mongoose, postman, angular, raspberry pi, node.js, http, sql, ionic framework, jquery, aws, mysql, javascript, php, html, css, facebook graph api, bootstrap, photoshop",3,8
678830,"redis, aws, rest api, soap, json, mysql, elasticsearch, data structures, nginx, node.js, rabbit mq, memcached, sql, bootstrap, jquery, linux, java, relational database, mvc, software development, python, elixir, backend development, clean code, git, tdd, docker, oop, lamp, unit testing, automation, continuous delivery, continuos deployment, ec2, php, testing, symphony, algorithms, apache, postgresql, ci/cd automation, laravel",3,7
684038,"kubernetes, openshift, git, elk stack, ci/cd automation, docker, jenkins, ansible, redis, elasticsearch, devops, aws, c, java, cloud computing, amazon ec2, zabbix, python",3,7
533441,"django, docker, typescript, flask, numpy, pandas, tensorflow, grails, mel scripting, elasticsearch, databases, postgresql, continuos deployment, chef, devops, archlinux, css, nginx, jquery, architecture, budgetary management, teaching, training & mentoring",4,9
696183,"javascript, python, java, html, css, sql, mongodb, linux, unix shell scripting, c#, object orientation, rabbitmq, aws, google cloud, ruby on rails",3,10
696873,"c++, erlang, linux kernel, web development, tcp/ip, embedded linux, node.js, c, network protocols, rest api, hardware, system architect, architectural patterns, python, javascript, telecom networks, voip, test planning and test script, virtualization, cloud computing, distributed systems development",3,10
685058,"quality assurance, python, selenium, java, pl/sql, planning poker, nosql, rest api, soap, iso 29119, iso 25010, kanban, scrum, etl, project management, quality management, iso 9001",3,11
674711,"bitbucket, agile, scrum, confluence, interface tests, qa, bdd - behavior-driven development, cucumber, specflow, continuous integration, junit, agile methodologies, integration test, junit - intermediate, jira, test case, alm, functional testing, test automation, devops, java, jenkins, quality assurance, test design, test link, test management, selenium, uft, appium",3,12
653602,"redux, sql, javascript, wordpress, html, bootstrap, gulp/grunt, react.js, css, webpack, sass, php, jquery, git",3,5
683916,"c#, javascript, linux debian, sql, sql server integration server, postgresql, angular, .net, docker, scrum",3,4
699805,"domain drive design, ASP.Net MVC, c#, scrum, sql server, entity framework, visual studio, ddd, unit testing, .net, mvc, agile, git",3,8
683730,"oop, algorithms, postgresql, zend, rest api, javascript, agile, front end, fast learning, continuous integration, continuos deployment, bootstrap, fast paced work experience, android framework, react native, single-­page applications, es6, linux, sql, mysql, travis ci, node.js, android, java, heroku, css, drone, docker, tdd, backend development, python, redux, jquery, github, bitbucket, agile development methodology, react.js, git, git flow, json, xml, nosql, aws, flask, mongodb, sqlite, laravel, training & mentoring, lms, apache, database design, jinja2, sqlalchemy, html, php",4,4
638045,"nosql, nosql databases, microservices, docker, full stack, agile, continuous integration, mongodb, kafka, redis, jsp, spring, spring mvc, spring boot, jpa, android, sql, javascript, python, linux, c++, microsoft office, html, postgresql, hibernate, css, rest api, tomcat, servlets, oracle db, mysql, liferay, google app engine, vba, jetty, microsoft excel, java, git",3,9
639586,"linux, solutions architecture, bootstrap, jira, git, teamcity, continuous integration, unit testing, mockito, coaching, oracle db, team leadership, team management, javascript, html, css, scrum, scrum master certified, mysql, agile, strong communication skills, fast learning, lead developer, clipper, requirements analysis, oop, pl/sql, vb6, oracle forms/reports, c, c#, .net visual basic, asp, .net, communication, problem solving, troubleshooting, websphere application server, websphere mq, java, architecture, training & mentoring, implementation, spring, hibernate, leadership, backend development",3,18
680559,"jenkins, rest api, lambda expressions, java, sql server, pl/sql, maven, extjs, javascript, c#, angular, linux, docker, postgresql, oracle db",3,14
637998,"jenkins, webdriver, scrum, html, eclipse, automation, maven, software engineering, soap, jmeter, object orientation, selenium, testlink, css, cucumber, java, javascript, jira, junit, sql server, mochajs, oracle db, quality assurance, react.js, sql, test automation, uml",3,13
684516,"ajax, codeigniter, jquery, bootstrap, laravel, advpl, html, php, javascript, mysql, sql, progressive web apps",3,3
696593,"es6, linux, redux, ruby on rails, node.js, flutter, ruby, aws, bash script, dart, flutter, google cloud, java, javascript, react.js, vue.js, web development, react native, angular",3,5
653361,"redis, mysql, ruby on rails, react.js, javascript, aws, postgresql, c#, python, django",3,9
666008,"ux, photoshop, sketch, html, microsoft project, react native, invision, javascript, front end, rest api, overflow.io, marvel app, react.js, redux, sass, es6, agile, ilustrator",3,5
868605,"python, ruby on rails, vue.js, react.js, react native, redux, swift, mysql, postgresql, redis, aws, google cloud, php, wordpress, typescript, javascript",3,8
699944,"c, c for microcontroller, c++, python, network, linux, git, java, mysql, docker, github, bitbucket, cmake, multithreading",3,0
714908,"jenkins, shell script, middleware, infrastructure, devops, english, docker",4,4
683056,"python, javascript, ios, oracle db, java, vagrant, linux, ansible, angular, full stack, vue.js, startups, databases, node.js, agile, react.js, fast learning, design thinking, spring, jquery, jsf, actionscript 3, django, arduino, docker, bootstrap, ionic framework, jenkins, php, cobol, cassandra, apache kafka, mongodb, redis, adsupport, android, phonegap, adianti, devops, oracle retail, advertising, biodiesel, credit recovery, prototype, adobe illustrator",3,12
641851,"jsf, angular, html, css, javascript, git, git flow, scrum, intellij, eclipse, hibernate, akka.net, sbt, maven, npm, rest api, play framework, web development, java, ruby on rails, scala",4,10
683220,css,4,12
642292,"linux, c++, automation, node.js, perl, embedded devices, rest api, backend development, java",3,16
682550,"technical architect, azure, gcp, enterprise architecture, software architecture, architecture, angular, product management, python, hadoop, node.js, aws, cloudera, Big Data, ui path, challenge driven, communication, web applications, mobile applications, javascript, react.js, marketing, full stack, support, agile, strategic planning, product launch: planning and execution, product design, saas, databases, startups, cloud computing",4,12
678956,"javascript, angular, mongodb, aws, git, react.js, node.js",4,4
768863,"docker, java, spring boot, mongodb, python, microservices",3,3
697659,"analytical skills, ci/cd automation, web api, web development, highload, team management, selenium, problem solving, agile, decision making, product analysis, amplitude, mongodb, sql, php, javascript, linux, docker, mysql, html, jira, git, a/b tests, go lang, clickhouse, redis, rabbit mq, node.js, react.js, vue.js, gitlab, kubernetes, css, html, single-­page applications, api, engineer, angular, full stack, nosql, backend development, nosql databases, saas, team leadership, software architecture, unit testing, ios, rust, russian, english, continuos deployment, continuous integration, front end, microservices, aws, data analysis, swift, laravel, oop, rest api, startups, tdd, continuous delivery, git flow, leadership",3,9
664070,"ios, scrum, software development, objective-c, swift",3,9
656316,"continuous delivery, continuos deployment, agile, oop, database design, spring boot, nosql, apache, tomcat, automated testing, junit, architecture, backend development, json, mongodb, google cloud, java, unit testing, mockito, sql, nosql databases, cloud computing, continuous integration, kafka, confluence, rest api, docker, spring, scrum, cache, git, svn, design patterns, jira, aws, microservices, linux, automation, team leadership, mvc",3,7
638135,"weblogic, postgresql, bootstrap, agile, html, redis, scrum, vue.js, j2ee, cloud computing, elasticsearch, jvm, ci/cd automation, design patterns, rabbit mq, mvc, spring, json, aws, css, mongodb, angular, junit, django, data structures, tdd, graphql, swagger, oracle db, java, git, github, svn, docker, gradle, node.js, rest api, hibernate, react.js, jpa, mysql, microservices",3,9
684338,"aws, docker, css, go lang, react.js, javascript, node.js, html",4,7
657332,"php, laravel, javascript, html, vue.js, angular, .net, api, leadership, oop, react, java",0,15
679008,"javascript, ruby on rails, react.js, rspec, node.js, redux, express.js",4,5
641265,"aws, kafka, scrum, javascript, python, html, postgresql, css, docker, ansible, react.js, rest api, hadoop, django, elasticsearch, heroku, celery, flask, spark, redux, es6, jquery, mongodb",3,8
680294,"numpy, scikit-learn, spark, hadoop, java, j2ee, spring, junit, react.js, kafka, hive, hibernate, machine learning, python, scala, team leadership, cloud computing, sqoop, git, maven, gradle, elasticsearch, jupyter, project lead",4,10
670562,"ajax, mysql, mamp, xampp, wamp, lamp, react.js, git, version controll, ionic framework, webpack, gulp, node.js, photoshop, adobe indesign, adobe illustrator, figma, scrum, agile methodologies, angular, rest api, web development, javascript, html, css, wordpress, php, jquery",3,11
672423,"spring, ionic framework, mvp, ios, android, react native, rxandroid, kotlin, java, unit testing",0,3
715733,"react.js, artificial intelligence, machine learning, python, computer vision, continuous integration, continuos deployment, c++, rust, cmake, shell script",2,7
654187,"javascript, node.js, mongodb, docker, jenkins, react.js, microservices, express.js, full stack, mongoose, angular, mysql",3,16
653476,"lamp, visual studio code, sublime text, sublime text 3, node.js, docker, laravel, scrum, javascript, python, linux, html, bootstrap, postgresql, css, data analysis, statistics, business intelligence, photoshop, ilustrator, php, jquery, subversion, zend framework, mysql, gulp, oracle db, jira, soap, agile, agile and kanban process, kanban, sql, yii, vue.js, blade, mvc, netlify, tailwind, scrum fundamentals certified credential, git, nginx, json, ajax, xml, apache",3,6
635611,"cocoapods, gitlab, mobile application development, javascript, english, json, strong communication skills, algorithms, agile, fast learning, java, rest api, redux, mobile development, git flow, full stack, react.js, swift, objective-c, continuous integration, git, core data services, leadership, xcode, saas, react native",3,9
685296,"payments, analysis, analytical and critical thinking skills, leadership, consulting, itil, presentation, pre-sales, selenium, scrum, product launch: planning and execution, sales and client focus, product design, product management, test design, test case, test automation, problem solving, test management, system analysis, unix, qa, development, training & mentoring, iso 8583, relational database, development, marketing, support, application management, agile & waterfall methodologies, transactional systems, saas, client relationship, digital transformation, gis, sql, c",3,31
683440,"python, html, django, django rest, git, c++, sql, react.js, react native, qt (c/c++), css, angular",3,7
679775,"sql, business analysis, tdd, project management professional, product management, scrum master certified, project management, agile methodologies, software engineering, customer relationship",3,8
699111,"github, docker, ansible, linux, machine learning, nlp, saas, product management, product owner, devops, python, aws, cloud computing, agile & waterfall methodologies, jira, nosql databases, sql",4,9
713188,"marketing strategy, pricing analysis, product management, product launch: planning and execution, project management, certified product owner",0,11
771228,"c#, product management, project management, iot, leadership, saas, ios, android, software development, technical skills, agile methodologies, python",3,7
675063,"ruby on rails, html, bootstrap, postgresql, apache, nginx, vue.js, mysql, api, interviews, heroku, rspec, cucumber, digital ocean, haml, shopify, mentoring, spree commerce, trainer, jquery, git, aws, ruby",4,6
636850,"hadoop, hdf5, spark, elasticsearch, apache spark, flink, jmeter, mockito, hbase, kafka, kotlin, sql, scrum, javascript, python, spring, jsf, hibernate, ejb, jpa, design patterns, svn, tomcat, jenkins, kanban, agile methodologies, spring boot, rest api, spring data, leadership, management, websphere application server, jaxb, jax-rs, jax-ws, object oriented design, html, java, git, agile, eclipse, groovy, java se, jboss, jboss application server, jsp, junit, oracle db, postgresql, subversion, sun certified java programmer, web services",3,14
676634,"html, mvc 4 & 5, sql, kendo (telerik), .net, angular, web api, windows server, web services, typescript, razor mvc, angular js, linq, wpf, mvvm, sql server, c#, angular js, asp.net, angular js",4,5
677111,"spring, hibernate, java, continuous integration, continuos deployment, kanban, rest api, jfrog artifactory, git, containerization, splunk, hp fortify, spring data, microservices, mockito, dc/os, spring cloud, kubernetes, backend development, spring boot, docker, jenkins, json, agile, tdd, maven, scrum, design patterns, spring mvc",4,16
685968,"databases, postgresql, hibernate, spring, scala, mongodb, soap, junit, http, elasticsearch, kotlin, java, spring boot, docker, node.js, nosql, git, spring data, spring mvc, sql, rest api, kafka, microservices, spring cloud, unit testing, cassandra, maven, eclipse",3,8
697897,"docker, jackson, spring data, spring jpa, elasticsearch, nlp, Big Data, cassandra, couchdb, mongodb, java, java server pages, spring boot, apache kafka, spark, hibernate, coffeescript, python, express.js, es6, node.js, mvc, rest api, numpy, pandas, spring, agile, team management, research, zookeeper, git, devops, unix system administration, mysql, agile project management, scrapy, unit testing, web services, continuos deployment, continuous integration, algorithms, team leadership, oop, microservices, backend development, postgresql",3,1
682639,"angular, rest api, aws, css, docker, mongodb, postgresql, redis, javascript, node.js, firebase, algolia, react.js, linux, html, scss, python",3,5
664452,"sqlalchemy, tdd, unit testing, react.js, jira, scrum, pyramid, kubernetes, redmine, etl, pentaho, api, rest api, php, python, django, flask, sql, amazon web services, amazon ec2, docker, rancher, celery, mysql, redshift, pentaho data integration, javascript, jquery, devops, scrum master, team leadership, continuous integration, continuous delivery, git, aws, relational database, mongodb, backend development, front end, software developer, software engineering, postgresql, redis, linux, mac os, cloud computing, heroku, web applications, memcached",3,4
664158,"c++, gitlab, react.js, javascript, gerrit, github, audio editing, continuous delivery, jenkins, audio processing, python, c for microcontroller, c, java, assembly, kanban, scrum, continuous integration, agile methodologies, agile development methodology, agile, x86-64 assembly, linux, agile project management, embedded software, embedded linux, embedded devices, embedded systems, software development, matlab, git, hardware, prototype",3,6
672865,"c++, c#, desktop applications, testing, documentation, good in teamwork, java, c, organizational skills, oracle db, sql, happiness, committed, jira, git, testlink",3,5
670293,"agile methodologies, ant, design patterns, eclipse, ejb, hibernate, ios, java, javascript, jdbc, jsp, mvc, oracle db, requirements analysis, rest api, servlets, soa, software development, spring, sql, struts, tomcat, unix, web services, aws, java sdk 1.5 1.6 1.7 and 1.8, git, backend development, java platform, java 8",3,12
650820,"sass, redux, es6, webpack, javascript, aws, git, rest api, mobile development, test-driven development (tdd), less / sass, dart, amazon web services, graphql, tdd, mochajs, selenium, node.js, react.js, design thinking, css, ux, interface design, creative direction, digital marketing, front end, google analytics, html, information architecture, ios, jquery, json, mobile applications, mobile devices, php, python, user experience, web development, web standards, xml",3,8
658401,"jquery, es6, json, xml, github, html, ui, wordpress, nosql, css, single-­page applications, information security, react.js, sass, bemcss, design patterns, redux, game development, photoshop, ilustrator, ASP.Net Core, scrum, git, git flow, mongodb, sql, c#, java, mobile application development, android, responsive web design, javascript, ux, angular, vue.js, web development, front end, backend development, bootstrap, python, c++, php, typescript",3,7
681622,"cvs, git, svn, sql and pl/sql tuning, sql, ibm websphere, weblogic, tomcat, microservices, java, rest api, soap, web services, soa, maven, jenkins, oracle bpel, junit, jax-rs, jax-ws, swagger, spring, spring boot, struts, hibernate, ibatis, eclipse, jpa, jquery, css, bootstrap, bpm, javascript, j2ee, scrum, webmethods for bpm developers, xslt, uml, tfs",4,15
676652,"c#, html, .net, ASP.Net Core, angular, android, git repository, jenkins, sql server, javascript, tdd, nunit, xunit, jquery, ajax, web api, rest api, java",3,6
679790,"mongodb, java, c++, php, css, html, oracle db, mysql, azure, .net, c#, sql server, software engineering, testing, unit testing, android, mvc, javascript, vue.js, angular, jquery",3,7
664641,"es6, php, angularjs, css, html, javascript, devops, es7, es2015, git, mysql, angular, responsive web design, responsive development, responsive layout, jquery, single-­page applications, db2, agile, node.js, graphql, express.js, front end, user interface, redux, fast learning, full stack, ui, typescript, react.js, ux, sql, oriented object, rest api, backend development, foundation, bootstrap, java, nosql, api",3,13
700166,"jquery, es2015, es6, css, html, foundation, git, bootstrap, javascript, github, php, mysql, oracle db, tortoise, typescript, node.js, scrum, vue.js, react.js, postman, jira, responsive development, uml, jboss drools",3,5
659032,"spring, react.js, architecture, databases, full stack, backend development, fast learning, communication, ruby on rails, primefaces, css, soa, jboss, weblogic, xcode, tomcat, rest api, soap, ireport, mysql, postgresql, junit, ejb, node.js, angular, jsf, c++, jsp, oracle db, pl/sql, html, java, javascript, jdbc, jpa, jquery, express.js, aws, ec2, agile, mongodb, eclipse, intellij, maven, tfs, git, opencv, visual studio code, spring boot, h2 database",3,8
649954,"agile, klipfolio, power bi, python, postgresql, mongodb, unix, vba, vbscript, unix system administration, pandas, unix shell scripting, linux, rest api, etl, relational database, flask, django, docker, nosql databases, tableau, google cloud, git, klipfolio, sql",3,6
664182,"scrum master, scrum, agile, mvc, pmbok, aws, javascript, react native, react.js, html, firebase, matlab, es6, css, rest api, mobile development, c, c++, lua, python, jade, redux, d3.js, node.js, mongodb, git, angular",3,8
639994,"sql server, oracle db, sql, integration services, python, scikit-learn, pandas, data warehouse, dimensional modeling, business intelligence, business analysis, relational database, power bi, machine learning, data analysis, mentoring, data science, data mining, data visualisation, odi, etl, pl/sql, olap",3,11
715544,"devops, System Administration, docker, python, jenkins, microservices, sysops, network engineering, microsoft certified system administrator, infrastructure, google cloud, agile methodologies, confluence, continuous integration, continuos deployment, neo4j, bigquery, gcp, jira, powershell, ansible, chef, puppet, node.js, aws, continuous delivery, cloudformation, microsoft active directory, cloud computing, rds, shell script, terraform, serverless, sql, team leadership, azure, django, server administration, security and risk management, kubernetes, solutions architect, bigdata",3,9
635261,"mobile development, full stack, javascript, java, fast learning, strong communication skills, git, agile, kotlin, scrum, scrum master, unit testing, android, react native, docker",3,10
637760,"test automation, full stack, strong communication skills, backend development, agile, microservices, maven, spring mvc, soap, rest api, git, eclipselink, html, python, gerrit, jenkins, continuous integration, docker, junit, spring boot, typescript, vue.js, angular, architecture, fast learning, gradle, ant, maven knowledge, gradle, english, relational database, leadership, leading skills, jdbc, api, spring, json, quartz, jboss, apache, mvc, jsf, hibernate, mysql, cdi, oracle db, java, eclipse, ejb, javascript, jboss application server, linux, matlab, programming, software development, software engineering, sql, uml, tomcat, j2ee, architecture analysis, team leadership, team player, xml, unit testing, integration test, oop, node.js, mockito, svn, svn",3,5
644666,"docker, javascript, css, node.js, software development, selenium, html, adobe experience manager 6.1, angular, web development, web services, vue.js, java, web components, salesforce.com, aws, react.js, cms, google cloud, agile, fast learning, terraform, graphq, graphql",3,5
659872,"json, react.js, spring cloud, jee 4/5/6/7, web api, web applications, spring boot, artificial intelligence, xml, javascript, jenkins - basic, git, ssh, linux, docker, people management, agile, swagger, rest api, backend development, front end, java, data mining, python, delphi, Big Data, data science, devops, oracle db, postgresql, aws, nosql databases, design patterns",3,14
664005,"ruby on rails, android, elasticsearch, mongodb, php, postgresql, wordpress, google cloud, aws, git, retrofit, front end, angular, sass, html, node.js, mvvm, sqlite, continuos deployment, bemcss, kotlin, docker, firebase, gradle, less / sass, devops, redis, ionic framework, typescript, webpack, jenkins, javascript",3,6
679140,"mysql, sql, creativity, hard-working, java, tcl, json, xml, bash script, detail oriented, github, japanese, photography, communication, perl, c, python, html, shell script, sql server, microsoft office, ms excel, jira, confluence, git, linux, unix, unix shell scripting, unix system administration, coaching, project lead, team leadership, estimation, requirement gathering, requirements analysis, analytical and critical thinking skills, etl, collaboration, team management, data analysis, automation",4,19
682447,"java, hibernate, git, tomcat, rest api, html, css, sql, eclipse, uml, jpa, agile development methodology, web services, svn, jenkins, json, ddd, oracle db, mysql, postgresql",3,9
663403,"scss, front end, node.js, communication, sql, react native, react.js, angular, javascript, mongodb, express.js, python, pandas, numpy, machine learning, aws, dynamo db, d3.js, data visualisation, graphql, typescript, sketch, wordpress",4,6
680879,"firebase, docker, bluemix, eslint, webpack, babeljs, es6, redux, mochajs, express.js, node.js, aws, javascript, react native, react.js, mongodb, server less, ui, redux-saga, es7, agile, php, styled-components, now.sh, swagger, restify, rest api, heroku, css, html, english, mysql, ux, postgresql, saas, sass, api, graphql, redis, sql, test automation, mongoose",3,11
649313,"salesforce.com, machine learning, python, ios, swift, databases, entrepreneurship, mysql, lua, xcode, corona sdk, mobile application development, php, git",3,11
714965,"javascript, linux, java, kotlin, spring, hibernate, sql, multithreading, jenkins, gradle, ant, maven knowledge, git, docker, postgresql, bash script, tomcat, spring data, spring cloud, spring boot, devops, gitlab",3,6
668882,"github, docker, rest api, ruby, redis, mysql, postgresql, delphi, sql, any programmer language, api, ruby on rails, mysql, git, gitlab, javascript, vue.js",3,12
675384,"python, django, es6, startups, react native, software developer, backend development, node.js, redux, json, mongodb, react.js, express.js, mysql, bootstrap, javascript, communication, graphql, java, nosql databases, computer science, algorithms, html, css, databases, problem solving, scss, sql, jquery, rest api, front end, redis, data structures, postgresql, git, agile",4,3
677085,"mentoring, ruby on rails, ios, api, jquery, rspec, html, css, postgresql, git, github, bitbucket, stripe, sqlite, mysql, mongodb, haml, slim, node.js, basecamp, trello, objective-c, javascript, sinatra, apache, capistrano, heroku, linux, shell script",3,6
650929,"android, scrum, spring, c, postgresql, eclipse, node.js, react.js, kanban, agile methodologies, spring boot, rest api, scrum master, osgi, java, aws, javascript, sql, mongodb, docker, nosql",4,12
636058,"storyboard, xcode, react native, reactivex (rxjava, rxphp, rxswift), android studio, github, git repository, git flow, bitbucket, agile, scrum, corelocation, git, xml, soap, coredata, jira, testing, unit testing, realm, javascript, html, css, kotlin, json, rest api, mobile application development, mobile applications, ios, ios design patterns, ios native framework, java, design patterns, mvvm, mvc, mvp, mobile development, objective-c, android, swift",3,13
678095,"swift, ios, objective-c, agile, sonarqube, xctest, jenkins - basic, react native, ios design patterns, team leadership, github, firebase, mobile applications, swiftlint",3,8
666584,"android, c, web development, eclipse, grails, ios, java, javascript, jquery, linux, sql server, oracle db, php, scrum, sql, uml, unix, xml",3,5
679027,"nginx, jenkins, cloud computing, kubernetes, jira, centos, redhat, git, azure, aws, terraform, linux, windows, python, bash script, docker, ansible, scripting, devops",3,9
710723,"project management professional, react.js, testing, hadoop, spark, full stack, kubernetes, docker, ansible, google cloud, angular, node.js, flask, sql development, mongodb, devops, aws, mariadb, python, c#, cloud computing, aws redshift, data integration - enterprise, system architect, linux, qt (c/c++), jvm, databases, database design, integration test, a/b tests, bitbucket, svn, nagios, hortonworks, startups, scala, hbase, elasticsearch, extreme programming, leadership, vue.js, nosql databases, less, less / sass, management, cassandra, bigquery, d3.js, bash script, tableau, data studio, google api's, google analytics, boost, storm, boost c++ libraries, c++, java, qa, hive, high availability, automation, automation projects, rest api, microservices, agile, social media, software architecture, hibernate, spring, customer service, web api, puppet, continuos deployment, containerization, j2ee, hibernate 3 and 4, jboss, ui, kanban, redux, css, jquery, express.js, apache, ruby on rails, clojure, any programmer language, control-m, analytical and critical thinking skills, analitical mind, analytics, debian, oop, architecture, architectural patterns, architecture analysis, lambda expressions, data science, data analysis, oriented object, django, mysql, product design, product management, infrastructure, system engineering, system analysis, team leadership, team management, communication, redshift, computer science, scripting, continuous delivery, spring boot, jms, git repository, continuous integration, http, c, .net, mvvm, mvc, mvc 4 & 5, mvc - advanced, ASP.Net Core, ASP.Net MVC, asp, visual studio, ci/cd automation, git, github, gitlab, unit testing, azure api management, sql, sqlalchemy, sql server, scrum, xp, lean, scrum, scrum master certified, nosql, kafka, json, redis, api, test management, test case, test design, jira, relational database, html, machine learning, mac os, artificial intelligence, numpy, scientific computing, scikit-learn, windows forms, windows azure, test automation, test-driven development (tdd), customer experience, customer relationship, customer management, ibm bluemix, data mining, algorithms, data structures, data presentation, customer support, blue prism, open source, excel, microsoft entity framework, wpf, wcf, go lang, saas, typescript, design patterns, cloudera, blockchain technologies, ethereum, qt, ubuntu server, socket.io, Big Data, software engineering, software development, teamcity, lead developer, javascript, java patterns, swagger, product owner, azure, agile & waterfall methodologies, agile development methodology, agile methodologies, agile and kanban process, jenkins, perforce, ec2, eclipse, visual studio code, visual c++, unix, unix shell scripting, linux kernel, tech recruiting, backend development, software developer, postgresql, jdbc, problem solving",3,19
684502,"ruby on rails, javascript, php, git, tdd - intermediate, react native, react.js, jquery, ionic framework, angular, android, sql, aws, heroku",3,9
635309,"css, html, xml, mobile development, e-commerce, mobile commerce, Magento Developer, backend development, php, selenium, ruby, python",3,4
714814,"javascript, spring, java sdk 1.5 1.6 1.7 and 1.8, postgresql, mongodb, oracle db, jms, microservices, rabbit mq, jvm, kotlin, kafka, java, aws, google cloud, chef, sql, mysql, redis, docker, startups, ruby, ruby on rails, cache, rest api, spring boot, spring data, spring jpa, spring jdbc, spring mvc, spring security, oauth2, agile, agile methodologies, tdd, bdd - behavior-driven development, java security, protobuf, grpc, json, xml, performance and tuning, api, integration architecture, integration test, unit testing, performance optimization, performance test planning",3,9
649627,"aws, angular, php, javascript, css, phalcon, laravel, sql, mysql, sql server, react.js, mariadb, ruby, django, flask, scrum, apache, subversion, codeigniter, phantomjs, casperjs, selenium, continuous integration, html, devops, mvc, continuous delivery, wordpress, node.js, sass, svn, express.js, oop, agile, gulp, blade, linux, jenkins, rest api, postgresql, lamp, ansible, jquery, docker, vue.js, ruby on rails, python, mongodb, nginx, git, linux debian, nosql",2,9
698491,"coredata, cocoapods, git, swift, xcode, ios design patterns, ios, mobile application development, git flow, jira, agile, github",3,8
661538,"front end, html, css, jquery, react native, javascript, react.js, redux",3,5
715700,"jira, webpack, react.js, npm, mysql, grunt; gulp, photoshop, php, jquery, git, linux, continuous integration, circle ci, bemcss, postcss, elastic beanstalk, mongodb, mongoose, pug, javascript, wordpress, html, css, node.js, less, sass",3,13
639683,"node.js, nosql, javascript, aws, react.js, html, css, agile, angular, java, android, sql, backbone.js, rest api",3,7
665902,"kubernetes, javascript, docker, laravel, lumen, jira, react.js, es6, ecmascript, doctrine, orm, saas, mysql, communication, express.js, graphql, git, git flow, rest api, web services, aws, redux, test-driven development (tdd), zend framework, Magento Developer, apache, nginx, mongodb, databases, typescript, node.js, react native, php, angular",4,5
666352,"git, typescript, jira, agile, jenkins, react.js, ionic framework, vue.js, react native, php, mysql, angular, laravel, java, javascript, node.js, android, docker, network engineering, linux, mongodb, html, responsive web design, soap, socket.io",4,7
711675,"docker, english, html, postgresql, css, node.js, mongodb, databases, elasticsearch, loopback, nosql, redis, backend development, full stack, sql server, react.js, windows, mysql, api, rest api, rabbit mq, flask, express.js, django, python, jquery, linux, sql, scrum, javascript, agile methodologies, git, numpy, pandas, typescript, oop, functional programming",3,6
812053,"sdlc practices, java, sql, typescript, microservices, node.js, aws, postgresql, mysql, sql server, oracle db, react.js, vue.js, .net, javascript, html, css, php, drupal, graphql",3,13
666956,"c#, .net, html, eclipse, hibernate, javascript, jquery, selenium, spring, apache tomcat, groovy, liquibase, postgresql, angular, apache cordova, iis, nhibernate, node.js, sass, twitter bootstrap, docker, kubernetes, openshift, c, sql, linux, maven, java, react.js, css, apache camel, swing, jenkins, visual studio, ansible, bootstrap, git, wpf, software developer, full stack, relational database, front end, unit testing, databases, architecture, redis, backend development, junit, agile, agile methodologies, oop, oriented object, jira, web applications, fast learning, scrum, mysql, devops",3,10
642003,"rest api, mysql, postgresql, object oriented design, database design, microservices, open source, saas, full stack, fast learning, redis, lead developer, vue.js, javascript, api, ruby on rails, ruby, backend development, node.js, git, sql, nosql, google cloud, oop, mvc",3,12
667334,"shell script, sql, ruby on rails, javascript, postgresql, docker, react.js, backbone.js, selenium, metasploit, rspec, redux, shopify, ruby, metabase, aws, metabase",4,4
801593,"flexbox, c#, javascript, react.js, redux, sql server, genexus 8, 9, x ev1, ev2, ev3, html, css, material ui",3,9
899598,"r programming, pandas, sql, mongodb, react.js, microservices, kubernetes, flask, aws, ec2, data analysis, data science, machine learning, tableau, rest api, agile, jenkins, es7, json, mvc, json, jdbc, xml, xml/schema design, jdbc, nosql, javascript, java, node.js, python, docker, travis ci, sonarqube, ansible, github, jira, confluence, spring boot, spring, express.js, spring mvc, celery, kafka, rabbit mq, django, j2ee",3,15
684569,"git, postgresql, mynql, mysql, python, django, docker, sqlalchemy",4,12
758549,"gitlab, google cloud, aws, kubernetes, docker, ci/cd automation, hadoop, Big Data, dc/os, ansible, terraform, sql, nosql databases, travis ci, management, team management, kanban, data analysis, data integration - enterprise, leadership, agile methodologies, scrum, devops",3,10
679570,"javascript, react.js, gitlab, github, continuos deployment, continuous delivery, continuous integration, programming, software architecture, software engineering, project coordination, mobile application development, mongodb, sails.js, mongoose, heroku, aws, google app engine, bluemix, express.js, open source, blogging, technical documentations, travis ci, bitbucket, medium, docker, typescript, full stack, node.js, devops, front end, backend development, java, php, jquery, angular, react native, ionic framework, nginx",4,9
681438,"php, databases, machine learning, Big Data, full stack, docker, hadoop, spark, git, api, python",3,8
684312,"flux, babeljs, scrum, react native, typescript, kanban, redux, git, github, git flow, azure, jira, remote work, rest api, graphql, mochajs, ux, ui, yarn, npm, es6, es7, webpack, html, css, sass, react.js, javascript, agile, jest, tdd, version controll, mobile development, web development, node.js, express.js, mongodb, mongoose",3,4
666552,"java, retrofit, react native, react.js, jira, agile, kotlin, firebase, butter knife, rest api, bootstrap, google app engine, javascript, json, linux, python, software engineering, sql, uml, xml, angular, fast learning, communication, android, hibernate, github, gerrit, git, perforce, ruby on rails",3,6
635884,"apex, lighting, visualforce, javascript, salesforce.com",3,6
678964,"agile, android, english, git, java, kotlin, mvp, rest api, android studio, dagger, mvvm, portuguese, realm, retrofit",3,4
770253,"react, typescript, git flow, ruby on rails, react.js, javascript",3,5
682041,"java, php, product owner, product management, data mining, data modeling and systems analysis, javascript, html, css, rest api, web applications, design patterns, agile, sql, angular, spring, software development, software engineering",3,14
674864,"agile, blade, scrum, testing, jest, mochajs, javascript, vue.js, react.js, graphql, node.js, php, laravel, jquery, git, react native, phonegap, cordova, ionic framework, ajax, json, scss, html, css, bootstrap, dart, oracle db, mysql, postgresql, webpack, redux, aws, cloud computing, docker, microservices, api, tdd, bdd - behavior-driven development, lamp, typescript, redis, java, rest api, sql, heroku, chai, ruby on rails",4,6
856228,"agile methodologies, scrum, logistics, leadership, team leadership, agile, kanban, management, product management, product owner, saas, software development, tdd, presentation, english, javascript, software architecture, team management, oop, mvc, project management, budgeting, scrum master, sales and client focus, six sigma, object orientation, delivery processes, relational database, microsoft office, windows, data modeling and systems analysis, Big Data, people management, analytics, design thinking, lean mindset, programming",3,9
683374,"mvc - advanced, sql, etl, mobile application development, ajax, xml, json, ASP.Net Core, ability to meet deadlines., backend development, front end, mvc, communication, startups, ui, ux, windows server, cloud computing, google cloud, microservices, architecture, full stack, linq, domain drive design, devexpress, oops, jquery, web api, seo, tsql, wordpress,  php,joomla,magneto,bootstrap, linux, windows, azure, bitbucket, lamp, design patterns, mysql, javascript, es6, sdlc practices, cordova, node.js, npm, html, css, single-­page applications, docker, scripting, typescript, ASP.Net MVC, angular, c#, git, git flow, gulp, gulp/grunt, rest api, webpack, php, bootstrap, cqrs, sql server, entity framework, asp.net mvc",4,13
654900,"javascript, jsp, java, spring mvc, struts, css, sql, html, jquery, svn, git",4,9
683161,"typescript, socket.io, docker, kubernetes, es6, express.js, ionic framework, git, sql server, continuous delivery, mvc modeling, rest api, unit testing, github, object oriented design, test-driven development (tdd), node.js, angular, javascript, java, backend development, front end, html, css, full stack, npm, agile methodologies, scrum, jira, mongodb",3,4
714412,"scrum, .net, angular, web api, git repository, web applications, .net core, c#",3,4
955025,"project coordination, project management, business analysis, data analysis, digital marketing, consulting, strategic planning, operations management, process improvement, communication, management, leadership",3,6
768876,"python, php, mongodb, web development, flask, django, postgresql",3,8
867979,"git, jenkins, artifactory, nexus, subversion, devops, terraform, aws",3,6
635575,"unity, android studio, xcode, gradle, ant, maven knowledge, alm, silktest, jmeter, git, rest api, calabash, capybara, iso 8583, appium, junit, perl, c++, test automation, testing, swift, kotlin, xctest, cucumber, bdd - behavior-driven development, mobile development, arduino, istqb's ctfl, ruby on rails, technical recruitment, training & mentoring, qa, automation, java, agile and kanban process, jenkins, uft, jira, selenium, soap, devops, python, c#, quality assurance, agile, eclipse, scrum, android, shell script, api, sql, automated testing, functional testing, agile methodologies, documentation, unit testing, web api, startups, continuous integration, confluence, sonarqube, sonar, openshift, ios",3,5
868016,"css, flexbox, javascript, react.js, node.js, git, express.js, sql, cloudant, angular, php, html, github, bootstrap, vuejs, vue.js, scrum, redux, design thinking, adobe fireworks cs6, adobe photoshop, figma, adobe after effects, imovie, figma, excel, ibm cognos, ibm bluemix, ibm cloudant",3,4
678751,"enzyme, javascript, html, bootstrap, css, node.js, grunt, sass, jira, react.js, rest api, typescript, webpack, require.js, karma, es6, jasmine framework, angular, redux, jest",4,9
713684,"java, spring, rest api, kafka, sql",3,9
638523,"jira, github, json, bitbucket, gitlab, mobile development, fast learning, flutter, android framework, agile, software development, kotlin, linux, flutter, firebase, jackson, git, gson, mac os, java, android, android studio, eclipse, intellij, rest api, web services, clean architecture, gradle, maven, retrofit, junit, rxandroid, material design, mvp, butter knife, picasso, youtube api, ormlite, sqlite, realm, spring boot, hibernate, dagger, windows, zxing, scrum",3,14
661684,"java, javascript, html, css, angular, jquery, ruby on rails, php, mysql, postgresql, drupal, android, git, automated testing, react.js, node.js, mongodb",3,8
856323,"tdd, test-driven development (tdd), ruby, react, rails, es6, ruby on rails, react.js, elasticsearch, problem solving, stakeholder management, javascript, git, github, version control, speaking to be understood",3,3
714672,"laravel, react.js, vue.js, mysql, pl/sql, java, php",4,10
667961,"rest api, javascript, java, api, sql, agile, fast learning, strong communication skills, backend development, data science, full stack, php, mysql, postgresql, git, machine learning, bootstrap, jquery, ajax, css, docker, jira, python, django, communication, linux, windows, pattern recognition, jpa, jsf, hibernate, primefaces, scrum",3,9
659562,"continuous integration, redux, unit testing, nosql, typescript, api, css, e-commerce, es6, es7, git, html, information architecture, javascript, jquery, json, node.js, php, react.js, sass, scrum, seo, sql, user experience, web development, web project management, webpack, wordpress, agile methodologies, agile project management, ajax, team leadership, leading skills, express.js, mysql, lead developer",3,15
635780,"sql, oracle db, scrum, javascript, uml, microsoft office, mvc, wcf, html, bootstrap, css, pl/sql, sql server, visual studio, jenkins, microsoft visual studio, microsoft word, elasticsearch, microsoft project, microsoft excel, powerpoint, c#, tortoise, jquery, .net, oop, desktop applications, windows forms, ASP.Net Core, tfs, asp.net mvc, jira, web api, git, typescript",3,12
639332,"agile, scrum, typescript, node.js, ruby, android, ruby on rails, javascript, swift, shell script, es2015, heroku, backend development, test automation, git, aws, bash script, data structures, databases, ios, linux, mobile application development, mobile applications, network administration, network security, operating systems, react native, react.js, software development",3,5
667092,"es6, javascript, api, react native, redux, material ui, angular, typescript, css, scss, webpack, bootstrap, html, react.js, design patterns",3,5
899238,"backbone.js, backend development, ruby, resque, mvc, postgresql, flux, python, react.js, docker, devops, mysql, jquery, rspec, jenkins, kafka, git, graphql, healthcare, rest api, ruby on rails, javascript",3,6
813259,"ruby, github, redis, scrum, agile, microservices, postgresql, mysql, aws, linux, sql, scrum master, team leadership, react.js, google cloud, ruby on rails, docker, kubernetes",3,15
715544,"django, azure, server administration, cloudformation, continuous delivery, team leadership, sql, serverless, terraform, shell script, rds, cloud computing, microsoft active directory, aws, node.js, google cloud, confluence, agile methodologies, continuos deployment, continuous integration, infrastructure, microsoft certified system administrator, network engineering, sysops, System Administration, devops, microservices, jenkins, python, docker, ansible, puppet, chef, powershell, jira, gcp, bigquery, neo4j, solutions architect, kubernetes, security and risk management, bigdata",3,9
663852,"sql, node.js, docker, react.js, typescript, redux, progressive web apps, graphql, aws, react native, postgresql, ui, javascript, es6, full stack, agile, git, rest api, css, express.js",3,7
813909,"android, tdd, sql, scrum, javascript, unity, primefaces, c++, html, css, pl/sql, node.js, less / sass, web services, web api, bash script, rest api, xamarin, cold fusion, knockoutjs, powershell, opencv, qt, cuda, performance optimization, adobe flex, c#, scada, unit testing, fast learning, lead developer, linux, architecture analysis, angular, java, jquery, .net, asp.net mvc, regular expressions",3,12
677996,"rest api, docker, react.js, spring boot, php, java, javascript, angular, spring",0,5
911871,"backend development, front end, node.js, mysql, team leadership, sql, angular, javascript, react.js, html, css, linux, aws, test-driven development (tdd), full stack, cloud computing, clean code, continuous integration, jenkins, postgresql, agile, clojure, python, java, code review",3,8
638815,"java sdk 1.5 1.6 1.7 and 1.8, spring security, netflix api, automated testing, spring data, spring cloud, java, spring, spring boot, rest api, soap, oracle db, mysql, postgresql, docker, ansible, elk stack, mongodb, redis, maven, ejb3 +, apache cxf, oop, design patterns, jms, jmeter, web services, jboss application server, tomcat server, postman, jenkins, sonarqube, domain drive design, kubernetes, node.js, vagrant, git, git flow, github, bitbucket, gradle, ant, maven knowledge, gradle, graylog, spring mvc, kafka, netflix oss, oauth2, swagger, express.js, mongoose, typescript, tdd",2,12
715191,"spring boot, rabbit mq, jfrog artifactory, java, aws, mysql, microservices, kafka, ansible, jenkins, maven, elasticsearch, hibernate, git, github, bamboo, jira, tfs, gwt, salesforce.com, wso2is",4,5
677747,"redux, graphql, html, java, javascript, python, sql, react.js, haskellcore, go lang, aws, android, node.js, kubernetes, hibernate, kotlin, agile methodologies, spring boot, spring, terraform, vagrant, mongodb, docker",4,6
711288,"c#, ASP.Net MVC, .net, azure, sql server, react.js",4,8
679254,"react native, docker, spring mvc, spring boot, github, git, tfs, jira, zendesk, node.js, scrum, software development, sql, typescript, python, mysql, angular, css, html, javascript, jquery, operating systems, php, progress, uml, xml, java, json",3,11
679018,"python, java, quality assurance, test automation, jenkins, qa, jmeter, selenium, estimation, performance test planning, amazon web services, aws, ci/cd automation, linux, scrum, jira, testing, test planning and test script, webdriver, test case, test design",3,6
710360,"sidekiq, javascript, rspec, sql, postgresql, redux, elasticsearch, node.js, es6, es2015, heroku, aws, html, css, sass, scss, mongodb, mysql, github, git, ruby on rails, react.js, redis, ruby",4,5
655188,"git, node.js, mysql, javascript, angular, react.js, vue.js, ionic framework, php, laravel, html, css, bootstrap",3,8
